{
  "experiments": [
  {
    "scale": 1000,
    "label": "Small (1K) - Traditional wins (BG overhead > benefit)",
    "inserts": 500,
    "searches": 500,
    "traditional": {
      "insert_time": 0.000138100,
      "search_time": 0.000053400,
      "total_time": 0.000191500,
      "avg_search_latency_us": 0.072000000,
      "max_search_latency_us": 0.200000000,
      "insert_per_op_us": 0.276200000,
      "search_comparisons": 7675,
      "search_traversal_steps": 5475,
      "throughput": 5221932,
      "total_nodes": 500,
      "current_level": 6,
      "level_distribution": [500,121,38,5,2,1]
    },
    "esl": {
      "insert_time": 0.000013200,
      "index_build_time": 0.000345000,
      "insert_plus_build_time": 0.000358200,
      "search_time": 0.000127000,
      "total_time": 0.000485200,
      "avg_search_latency_us": 0.222200000,
      "max_search_latency_us": 1.300000000,
      "insert_per_op_us": 0.026400000,
      "search_comparisons": 7158,
      "search_traversal_steps": 2291,
      "throughput": 2061006,
      "total_nodes": 500,
      "pdl_size": 193,
      "coil_levels": 3,
      "coil_sizes": [124,33,5],
      "coil_hit_rate": 11.80,
      "coil_hits": 59,
      "bg_ops_processed": 500,
      "bg_efficiency": 100.00,
      "queue_max_size": 499,
      "queue_avg_size": 249.50
    }
  },
  {
    "scale": 100000,
    "label": "Medium (100K) - ESL advantage emerges",
    "inserts": 49864,
    "searches": 50136,
    "traditional": {
      "insert_time": 0.009288000,
      "search_time": 0.036162100,
      "total_time": 0.045450100,
      "avg_search_latency_us": 0.686363092,
      "max_search_latency_us": 2684.500000000,
      "insert_per_op_us": 0.186266645,
      "search_comparisons": 1384754,
      "search_traversal_steps": 1035669,
      "throughput": 2200215,
      "total_nodes": 49864,
      "current_level": 9,
      "level_distribution": [49864,12397,3060,738,192,59,17,5,1]
    },
    "esl": {
      "insert_time": 0.002038000,
      "index_build_time": 0.003989400,
      "insert_plus_build_time": 0.006027400,
      "search_time": 0.032313500,
      "total_time": 0.038340900,
      "avg_search_latency_us": 0.611967449,
      "max_search_latency_us": 439.500000000,
      "insert_per_op_us": 0.040871170,
      "search_comparisons": 1341703,
      "search_traversal_steps": 378916,
      "throughput": 2608181,
      "total_nodes": 49864,
      "pdl_size": 19881,
      "coil_levels": 6,
      "coil_sizes": [12493,3115,824,204,61,16],
      "coil_hit_rate": 12.57,
      "coil_hits": 6304,
      "bg_ops_processed": 49864,
      "bg_efficiency": 100.00,
      "queue_max_size": 38327,
      "queue_avg_size": 20545.81
    }
  },
  {
    "scale": 1000000,
    "label": "Large (1M) - ESL wins decisively",
    "inserts": 487769,
    "searches": 512231,
    "traditional": {
      "insert_time": 0.095923700,
      "search_time": 0.997366600,
      "total_time": 1.093290300,
      "avg_search_latency_us": 1.910171583,
      "max_search_latency_us": 7436.600000000,
      "insert_per_op_us": 0.196658049,
      "search_comparisons": 17142341,
      "search_traversal_steps": 12782364,
      "throughput": 914670,
      "total_nodes": 487769,
      "current_level": 11,
      "level_distribution": [487769,122081,30556,7653,1867,429,116,33,5,1,1]
    },
    "esl": {
      "insert_time": 0.043531600,
      "index_build_time": 0.026822700,
      "insert_plus_build_time": 0.070354300,
      "search_time": 0.521321000,
      "total_time": 0.591675300,
      "avg_search_latency_us": 0.979424908,
      "max_search_latency_us": 345.900000000,
      "insert_per_op_us": 0.089246344,
      "search_comparisons": 15720201,
      "search_traversal_steps": 4372546,
      "throughput": 1690116,
      "total_nodes": 487769,
      "pdl_size": 194859,
      "coil_levels": 7,
      "coil_sizes": [122171,30448,7691,1851,461,105,24],
      "coil_hit_rate": 13.19,
      "coil_hits": 67563,
      "bg_ops_processed": 487769,
      "bg_efficiency": 100.00,
      "queue_max_size": 174194,
      "queue_avg_size": 98892.99
    }
  }
  ]
}
